,WORD
0,http
1,email
2,free
3,click
4,receiv
5,list
6,get
7,pleas
8,busi
9,order
10,mail
11,remov
12,address
13,money
14,one
15,inform
16,us
17,use
18,make
19,time
20,send
21,offer
22,name
23,peopl
24,site
25,new
26,report
27,program
28,compani
29,work
30,want
31,market
32,day
33,servic
34,product
35,messag
36,year
37,need
38,state
39,internet
40,home
41,call
42,includ
43,like
44,price
45,credit
46,grant
47,help
48,may
49,million
50,form
51,would
52,rate
53,go
54,web
55,month
56,also
57,govern
58,de
59,today
60,number
61,softwar
62,follow
63,life
64,save
65,link
66,phone
67,start
68,find
69,person
70,best
71,interest
72,take
73,first
74,special
75,right
76,guarante
77,repli
78,wish
79,onlin
80,contact
81,look
82,ad
83,see
84,provid
85,avail
86,mani
87,everi
88,insur
89,card
90,check
91,know
92,way
93,even
94,within
95,complet
96,system
97,advertis
98,invest
99,profession
100,week
101,subject
102,per
103,much
104,visit
105,custom
106,search
107,sent
108,futur
109,unsubscrib
110,websit
111,legal
112,sale
113,dollar
114,color
115,hour
116,account
117,secur
118,cost
119,come
120,opportun
121,page
122,made
123,fax
124,success
125,world
126,cash
127,purchas
128,comput
129,easi
130,fill
131,pay
132,financi
133,thank
134,give
135,commun
136,back
137,sell
138,increas
139,could
140,respons
141,chang
142,read
143,request
144,access
145,without
146,requir
147,low
148,guid
149,line
150,good
151,buy
152,never
153,instruct
154,gener
155,age
156,incom
157,current
158,improv
159,countri
160,simpl
161,manag
162,ship
163,simpli
164,trade
165,keep
166,loan
167,base
168,let
169,thousand
170,tri
171,letter
172,cd
173,question
174,total
175,member
176,next
177,place
178,result
179,minut
180,plan
181,anyon
182,unit
183,power
184,ever
185,mortgag
186,lose
187,step
188,live
189,say
190,assist
191,well
192,great
193,famili
194,citi
195,must
196,learn
197,packag
198,long
199,island
200,contain
201,top
202,secret
203,high
204,earn
205,risk
206,fund
207,process
208,tm
209,full
210,think
211,real
212,immedi
213,build
214,polici
215,hundr
216,bank
217,two
218,plu
219,heaven
220,news
221,less
222,show
223,format
224,support
225,put
226,feel
227,transact
228,effect
229,e
230,limit
231,engin
232,issu
233,info
234,applic
235,return
236,bill
237,write
238,allow
239,protect
240,absolut
241,copi
242,appli
243,accept
244,present
245,broadcast
246,nation
247,toner
248,lead
249,claim
250,share
251,problem
252,templ
253,enenkio
254,detail
255,act
256,fact
257,natur
258,regard
259,profit
260,databas
261,subscrib
262,last
263,valu
264,promot
265,cartridg
266,direct
267,code
268,term
269,part
270,law
271,method
272,friend
273,agent
274,weight
275,note
276,case
277,dear
278,decid
279,target
280,thing
281,submit
282,past
283,develop
284,instead
285,type
286,benefit
287,sponsor
288,sure
289,none
290,domain
291,download
292,least
293,better
294,differ
295,client
296,payment
297,debt
298,contract
299,quot
300,notic
301,import
302,bulk
303,intern
304,charg
305,tell
306,box
307,tablet
308,move
309,qualiti
310,continu
311,care
312,sinc
313,ask
314,enter
315,file
316,paid
317,membership
318,bodi
319,feder
320,abl
321,job
322,believ
323,tool
324,design
325,user
326,kingdom
327,end
328,possibl
329,oblig
330,qualifi
331,sign
332,industri
333,mime
334,word
335,deal
336,ca
337,oz
338,easili
339,littl
340,cours
341,anoth
342,american
343,everyth
344,wait
345,r
346,bonu
347,regist
348,commiss
349,center
350,b
351,becom
352,mailto
353,small
354,foreign
355,individu
356,answer
357,fast
358,still
359,discov
360,associ
361,experi
362,error
363,via
364,en
365,group
366,activ
367,rememb
368,la
369,network
370,ye
371,amount
372,partner
373,alway
374,dagga
375,matter
376,fee
377,atol
378,creat
379,newslett
380,three
381,origin
382,offic
383,reach
384,ragga
385,aaaaaaaaaaaaaaaaaaaaaaaaaaaaaaaaaaaaaaaaaaaaaaaaaaaaaaaaaaaaaaaaaaaaaaaaaaaa
386,public
387,old
388,privat
389,set
390,grow
391,confidenti
392,alreadi
393,technolog
394,join
395,found
396,welcom
397,happen
398,potenti
399,control
400,record
401,realli
402,loss
403,stop
404,seen
405,addit
406,specif
407,lot
408,retail
409,botan
410,respond
411,true
412,transfer
413,locat
414,stock
415,suppli
416,book
417,deathtospamdeathtospamdeathtospam
418,second
419,independ
420,major
421,date
422,idea
423,involv
424,sever
425,tax
426,select
427,smoke
428,propos
429,forward
430,howev
431,le
432,releas
433,approv
434,health
435,parti
436,refer
437,recent
438,properti
439,collect
440,drive
441,consult
442,valuabl
443,noth
444,actual
445,sourc
446,entir
447,mean
448,server
449,statement
450,size
451,level
452,oper
453,bottl
454,expens
455,lowest
456,add
457,data
458,area
459,marshal
460,car
461,net
462,featur
463,medic
464,delet
465,spam
466,train
467,someon
468,reason
469,away
470,obtain
471,post
472,happi
473,premium
474,open
475,safe
476,research
477,turn
478,automat
479,black
480,posit
481,document
482,meet
483,seventh
484,five
485,usa
486,text
487,etc
488,corpor
489,america
490,readi
491,point
492,other
493,anyth
494,h
495,author
496,resourc
497,adult
498,employ
499,exist
500,els
501,n
502,understand
503,publish
504,c
505,huge
506,quick
507,judgment
508,monthli
509,particip
510,print
511,test
512,billion
513,later
514,track
515,late
516,dvd
517,compar
518,longer
519,sincer
520,dream
521,win
522,estat
523,privaci
524,investor
525,final
526,usd
527,thinkgeek
528,apolog
529,mind
530,around
531,geek
532,et
533,consid
534,soon
535,trust
536,un
537,view
538,lender
539,larg
540,anywher
541,growth
542,item
543,amaz
544,expect
545,extrem
546,window
547,pass
548,intend
549,someth
550,kind
551,shop
552,subscript
553,diet
554,combin
555,local
556,relat
557,directori
558,util
559,refin
560,exampl
561,owner
562,pc
563,paragraph
564,choos
565,men
566,got
567,singl
568,tip
569,annuiti
570,review
571,everyon
572,tv
573,capillari
574,due
575,effort
576,telephon
577,arial
578,maintain
579,male
580,daili
581,south
582,love
583,herba
584,run
585,video
586,king
587,fix
588,standard
589,strategi
590,fat
591,recommend
592,big
593,purpos
594,educ
595,licens
596,project
597,fortun
598,extra
599,exclus
600,presid
601,titl
602,sold
603,upon
604,hous
605,women
606,advantag
607,exercis
608,establish
609,agenc
610,said
611,hermio
612,unlimit
613,taken
614,drop
615,warranti
616,intro
617,short
618,section
619,commerci
620,handl
621,watch
622,valid
623,paper
624,sweet
625,street
626,exchang
627,materi
628,chanc
629,proven
630,sum
631,version
632,father
633,whether
634,deposit
635,af
636,elimin
637,media
638,hard
639,hand
640,moment
641,almost
642,nigeria
643,given
644,produc
645,option
646,drug
647,excit
648,unsolicit
649,gift
650,enhanc
651,sexual
652,miss
653,content
654,situat
655,enjoy
656,spend
657,hear
658,affili
659,solut
660,along
661,profil
662,necessari
663,investig
664,burn
665,travel
666,store
667,forev
668,uniqu
669,fastest
670,consum
671,play
672,extract
673,event
674,introduc
675,p
676,normal
677,cbyi
678,hope
679,concern
680,connect
681,perfect
682,averag
683,lower
684,human
685,done
686,discount
687,organ
688,insid
689,comment
690,equip
691,press
692,x
693,fulli
694,desir
695,talk
696,peni
697,excel
698,ab
699,underlin
700,begin
701,asset
702,either
703,verdana
704,copyright
705,reserv
706,competit
707,caus
708,laserjet
709,extend
710,seriou
711,might
712,capit
713,l
714,whole
715,announc
716,four
717,firm
718,histori
719,express
720,revenu
721,resid
722,sampl
723,school
724,confid
725,suit
726,close
727,brand
728,linux
729,suggest
730,face
731,bad
732,deliv
733,gain
734,printer
735,stori
736,white
737,movi
738,remain
739,confirm
740,cut
741,bring
742,sleep
743,edit
744,freedom
745,period
746,seek
747,accord
748,updat
749,zip
750,platform
751,factor
752,prefer
753,choic
754,action
755,six
756,offici
757,figur
758,field
759,avoid
760,respect
761,north
762,prepar
763,execut
764,illeg
765,gold
766,count
767,categori
768,sound
769,bf
770,auto
771,practic
772,wake
773,often
774,death
775,forc
776,altern
777,ea
778,enough
779,sex
780,perform
781,career
782,ventur
783,articl
784,jm
785,url
786,repres
787,mlm
788,third
789,reduc
790,consolid
791,abil
792,fl
793,game
794,studi
795,urgent
796,wo
797,worldwid
798,techniqu
799,depart
800,enabl
801,abus
802,bottom
803,showcas
804,wonder
805,instant
806,electron
807,attent
808,ec
809,rest
810,commentari
811,goal
812,known
813,knowledg
814,citizen
815,land
816,assur
817,complianc
818,function
819,bonus
820,incred
821,easier
822,helvetica
823,g
824,ebay
825,china
826,lifetim
827,vacat
828,attorney
829,equival
830,conveni
831,directli
832,advis
833,africa
834,substanti
835,succeed
836,stylu
837,head
838,wall
839,reader
840,dragon
841,pictur
842,stay
843,advanc
844,para
845,social
846,achiev
847,canada
848,feroc
849,gentl
850,worth
851,region
852,expand
853,se
854,seven
855,z
856,quickli
857,imagin
858,deliveri
859,broker
860,decis
861,wing
862,republ
863,epson
864,bold
865,digit
866,cover
867,host
868,prospect
869,kathmandu
870,currenc
871,came
872,will
873,worri
874,appear
875,discoveri
876,prescript
877,interact
878,promis
879,instal
880,aa
881,hello
882,neg
883,hot
884,dial
885,econom
886,perman
887,irish
888,indic
889,san
890,assum
891,demand
892,pain
893,euro
894,yet
895,colleg
896,teach
897,mark
898,juli
899,guidelin
900,merchant
901,supplement
902,super
903,manufactur
904,attract
905,u
906,bc
907,replac
908,herb
909,ensur
910,determin
911,blank
912,forget
913,opt
914,laser
915,sir
916,univers
917,equiti
918,muscl
919,son
920,browser
921,side
922,verifi
923,seri
924,half
925,minimum
926,aphrodisia
927,correct
928,viagra
929,distribut
930,exactli
931,ban
932,acquir
933,rang
934,cent
935,troubl
936,honor
937,substanc
938,expir
939,buyer
940,annual
941,herbal
942,im
943,ba
944,pour
945,boss
946,congress
947,vou
948,class
949,visa
950,imag
951,expert
952,sensit
953,similar
954,sponsorship
955,seminar
956,listmast
957,team
958,prosaka
959,probabl
960,usag
961,june
962,revers
963,took
964,background
965,afford
966,energi
967,norton
968,recruit
969,vjestika
970,hormon
971,postal
972,strongli
973,pocket
974,skill
975,children
976,virtual
977,comprehens
978,though
979,campaign
980,road
981,pound
982,thought
983,femal
984,manual
985,certain
986,correspond
987,à
988,formula
989,magazin
990,leav
991,serv
992,tradit
993,mobil
994,regular
995,banner
996,ae
997,mayb
998,girl
999,stuff
1000,faster
1001,front
1002,heard
1003,master
1004,resum
1005,tire
1006,fail
1007,die
1008,pick
1009,condit
1010,html
1011,doctor
1012,hold
1013,classifi
1014,anybodi
1015,multipl
1016,common
1017,advic
1018,vehicl
1019,cabl
1020,spray
1021,index
1022,seem
1023,traffic
1024,compet
1025,therefor
1026,sender
1027,signific
1028,disk
1029,clear
1030,roll
1031,administr
1032,remedi
1033,ministri
1034,fun
1035,wrong
1036,militari
1037,fresh
1038,popular
1039,ignor
1040,technic
1041,court
1042,left
1043,homeown
1044,k
1045,agre
1046,kept
1047,central
1048,describ
1049,thu
1050,polit
1051,financ
1052,testimoni
1053,hair
1054,draw
1055,bb
1056,cooper
1057,rich
1058,wide
1059,repair
1060,speed
1061,font
1062,reg
1063,war
1064,inkjet
1065,initi
1066,marshalles
1067,instantli
1068,held
1069,fit
1070,abacha
1071,invit
1072,hi
1073,convers
1074,hidden
1075,button
1076,regul
1077,pacif
1078,comfort
1079,goe
1080,integr
1081,behalf
1082,fall
1083,bit
1084,satellit
1085,uk
1086,auction
1087,clean
1088,trial
1089,truth
1090,lo
1091,resel
1092,ultim
1093,millionair
1094,pill
1095,ffffff
1096,refund
1097,model
1098,q
1099,mass
1100,man
1101,main
1102,shall
1103,bar
1104,key
1105,quit
1106,employe
1107,declar
1108,wholesal
1109,reliabl
1110,moor
1111,acknowledg
1112,yellow
1113,receipt
1114,stand
1115,treat
1116,depend
1117,highli
1118,york
1119,delay
1120,fals
1121,settlement
1122,var
1123,ticket
1124,leader
1125,previous
1126,lesson
1127,smoker
1128,cell
1129,mine
1130,told
1131,blood
1132,rather
1133,largest
1134,envelop
1135,estim
1136,ten
1137,anytim
1138,weekli
1139,shown
1140,panel
1141,id
1142,da
1143,wast
1144,jodi
1145,screen
1146,hp
1147,ac
1148,fair
1149,peac
1150,varieti
1151,toll
1152,coverag
1153,jabber
1154,inconveni
1155,kid
1156,roman
1157,prompt
1158,hit
1159,lost
1160,solicit
1161,mainten
1162,mastercard
1163,sur
1164,wife
1165,proprietari
1166,construct
1167,mistak
1168,lock
1169,basi
1170,ago
1171,ms
1172,ident
1173,memori
1174,registr
1175,distanc
1176,setup
1177,attain
1178,tin
1179,separ
1180,constitut
1181,majesti
1182,ilug
1183,machin
1184,sole
1185,specialist
1186,permiss
1187,piec
1188,alert
1189,chicago
1190,est
1191,space
1192,march
1193,visitor
1194,chief
1195,far
1196,â
1197,commit
1198,sort
1199,rule
1200,sorri
1201,unless
1202,renew
1203,retir
1204,director
1205,porn
1206,poor
1207,amateur
1208,relationship
1209,discuss
1210,safeti
1211,solv
1212,faith
1213,favorit
1214,survey
1215,basic
1216,match
1217,shock
1218,west
1219,domest
1220,satisfi
1221,togeth
1222,award
1223,pa
1224,strictli
1225,economi
1226,proper
1227,solid
1228,identifi
1229,john
1230,husband
1231,hover
1232,centuri
1233,arriv
1234,larger
1235,carrier
1236,snore
1237,ou
1238,agreement
1239,christian
1240,iii
1241,appreci
1242,eb
1243,ez
1244,igtt
1245,toward
1246,spain
1247,launch
1248,oil
1249,winner
1250,journal
1251,deserv
1252,except
1253,hawaii
1254,iroijlaplap
1255,casino
1256,washington
1257,star
1258,easiest
1259,went
1260,possess
1261,exhibit
1262,il
1263,acquisit
1264,gambl
1265,inexpens
1266,evalu
1267,art
1268,opinion
1269,latest
1270,mother
1271,scholarship
1272,satisfact
1273,scienc
1274,signatur
1275,highest
1276,penni
1277,tabl
1278,prohibit
1279,nice
1280,maxaman
1281,fine
1282,display
1283,ratak
1284,definit
1285,mention
1286,beat
1287,strong
1288,murjel
1289,excess
1290,tremend
1291,alon
1292,california
1293,reduct
1294,ratio
1295,entitl
1296,tahoma
1297,surpris
1298,colleagu
1299,exceed
1300,descript
1301,unwant
1302,outsid
1303,editor
1304,hire
1305,exact
1306,ne
1307,entertain
1308,w
1309,robert
1310,backup
1311,flow
1312,african
1313,tivo
1314,tobacco
1315,maximum
1316,kabila
1317,brother
1318,exclud
1319,formal
1320,touch
1321,reveal
1322,januari
1323,voic
1324,block
1325,walk
1326,ebook
1327,rmi
1328,tast
1329,webmast
1330,approxim
1331,formul
1332,strength
1333,frame
1334,approach
1335,br
1336,extens
1337,que
1338,pipe
1339,jar
1340,recogn
1341,outstand
1342,explor
1343,appeal
1344,ok
1345,hotel
1346,awar
1347,load
1348,global
1349,balanc
1350,ed
1351,mandat
1352,cancel
1353,northern
1354,monarch
1355,suffer
1356,elig
1357,attempt
1358,across
1359,doubl
1360,attach
1361,neighbor
1362,bless
1363,progress
1364,dead
1365,kindli
1366,boost
1367,diploma
1368,el
1369,enterpris
1370,partnership
1371,august
1372,autom
1373,trader
1374,capabl
1375,ltc
1376,beauti
1377,predict
1378,speak
1379,primari
1380,overnight
1381,erect
1382,behind
1383,tab
1384,f
1385,break
1386,prove
1387,histor
1388,percent
1389,isp
1390,alter
1391,farm
1392,paypal
1393,relev
1394,arrang
1395,password
1396,searcher
1397,reward
1398,appetit
1399,aqueou
1400,doubt
1401,nativ
1402,medium
1403,telecom
1404,skeptic
1405,remio
1406,stress
1407,tel
1408,consist
1409,stamp
1410,channel
1411,senior
1412,truli
1413,cancer
1414,percentag
1415,former
1416,night
1417,carri
1418,seeker
1419,ir
1420,keyword
1421,jurisdict
1422,fire
1423,degre
1424,england
1425,foundat
1426,oh
1427,wealth
1428,skin
1429,beneficiari
1430,india
1431,capac
1432,self
1433,staff
1434,rel
1435,guy
1436,input
1437,yr
1438,owe
1439,ingredi
1440,fedex
1441,stoney
1442,sheet
1443,democrat
1444,smart
1445,air
1446,realiz
1447,bulletin
1448,motiv
1449,confer
1450,hei
1451,leas
1452,mahoney
1453,imposs
1454,viripot
1455,potent
1456,newsgroup
1457,student
1458,cna
1459,god
1460,wa
1461,es
1462,disappear
1463,farmer
1464,environment
1465,buck
1466,young
1467,congratul
1468,lexmark
1469,sport
1470,nbc
1471,disclaim
1472,dan
1473,pro
1474,insert
1475,although
1476,jersey
1477,liquid
1478,amalgam
1479,statu
1480,western
1481,interview
1482,anim
1483,po
1484,anymor
1485,heart
1486,variou
1487,remark
1488,tomorrow
1489,dealer
1490,root
1491,arm
1492,advisor
1493,cultur
1494,collector
1495,capsul
1496,club
1497,inde
1498,stimul
1499,log
1500,transmiss
1501,near
1502,eat
1503,audienc
1504,trip
1505,downlin
1506,listen
1507,al
1508,europ
1509,door
1510,whose
1511,henc
1512,seed
1513,lean
1514,stabil
1515,legitim
1516,vote
1517,attack
1518,aid
1519,harvest
1520,replenish
1521,conduct
1522,compris
1523,hgh
1524,rais
1525,entri
1526,catalog
1527,thirti
1528,patent
1529,sit
1530,regardless
1531,fc
1532,sens
1533,photo
1534,proof
1535,du
1536,oprah
1537,creditor
1538,volum
1539,player
1540,pack
1541,challeng
1542,lie
1543,eye
1544,brought
1545,worst
1546,votr
1547,graphic
1548,produccion
1549,rank
1550,ethic
1551,nationwid
1552,payabl
1553,sovereign
1554,aspect
1555,concentr
1556,contractor
1557,j
1558,style
1559,analysi
1560,michael
1561,decemb
1562,sometim
1563,myinput
1564,ext
1565,convert
1566,child
1567,septemb
1568,wi
1569,ano
1570,compens
1571,ù
1572,taongi
1573,convent
1574,draft
1575,own
1576,xxx
1577,impress
1578,clicquot
1579,distributor
1580,assembl
1581,monitor
1582,floppi
1583,entrepreneur
1584,everyday
1585,burner
1586,co
1587,portion
1588,sea
1589,green
1590,minist
1591,glad
1592,miami
1593,light
1594,smtp
1595,wealthi
1596,equal
1597,appoint
1598,skip
1599,prevent
1600,descrambl
1601,reciev
1602,stream
1603,liter
1604,virus
1605,properli
1606,schedul
1607,demo
1608,supplier
1609,fraction
1610,fd
1611,introductori
1612,especi
1613,concept
1614,franc
1615,kit
1616,food
1617,virtu
1618,systemwork
1619,otcbb
1620,grand
1621,await
1622,kin
1623,dramat
1624,pressur
1625,remot
1626,postag
1627,asian
1628,cb
1629,rapid
1630,zimbabw
1631,length
1632,v
1633,conclud
1634,recipi
1635,florida
1636,hesit
1637,civil
1638,water
1639,bankruptci
1640,herbac
1641,bu
1642,packard
1643,interfac
1644,cnn
1645,hewlett
1646,ce
1647,calcul
1648,honesti
1649,fraudul
1650,object
1651,par
1652,honest
1653,refinanc
1654,trick
1655,negoti
1656,ct
1657,restor
1658,nt
1659,cigarett
1660,planet
1661,indiginet
1662,audio
1663,compat
1664,feedback
1665,crimin
1666,na
1667,headlin
1668,va
1669,virginia
1670,mr
1671,committe
1672,une
1673,summer
1674,blaster
1675,teen
1676,usual
1677,rental
1678,profess
1679,pattern
1680,ng
1681,sdram
1682,prioriti
1683,breast
1684,ownership
1685,scheme
1686,twenti
1687,higher
1688,statist
1689,bsp
1690,bd
1691,edg
1692,societi
1693,impact
1694,pm
1695,templat
1696,laserwrit
1697,pretti
1698,crave
1699,wrinkl
1700,telecommun
1701,mailer
1702,duplic
1703,marriott
1704,electr
1705,danger
1706,weapon
1707,upgrad
1708,palm
1709,oppos
1710,ga
1711,morn
1712,bureau
1713,began
1714,underwrit
1715,moder
1716,spread
1717,mutual
1718,zealand
1719,laugh
1720,dynam
1721,veuv
1722,encourag
1723,plant
1724,gone
1725,shot
1726,board
1727,shangrila
1728,diamond
1729,inspir
1730,season
1731,pleasur
1732,ee
1733,certainli
1734,smaller
1735,defens
1736,overlook
1737,gh
1738,fantasi
1739,lift
1740,swiss
1741,calm
1742,plate
1743,relax
1744,congo
1745,wireless
1746,european
1747,boundari
1748,maillist
1749,pci
1750,vari
1751,untitl
1752,difficult
1753,recognit
1754,union
1755,therapi
1756,enemi
1757,metabol
1758,td
1759,mitchel
1760,occup
1761,particular
1762,heavi
1763,dig
1764,aggress
1765,procedur
1766,gave
1767,premier
1768,intellig
1769,hong
1770,dedic
1771,inquiri
1772,mexico
1773,bone
1774,au
1775,zzzz
1776,multipart
1777,coupl
1778,greater
1779,vast
1780,fb
1781,hurri
1782,extractor
1783,coral
1784,symbol
1785,yahoo
1786,canon
1787,aol
1788,confus
1789,export
1790,dare
1791,bought
1792,portfolio
1793,referr
1794,mile
1795,pharmaceut
1796,grade
1797,certifi
1798,superior
1799,tft
1800,experienc
1801,incur
1802,absorb
1803,minim
1804,illinoi
1805,chat
1806,film
1807,poker
1808,clearli
1809,debtor
1810,slow
1811,menu
1812,entrepris
1813,zowi
1814,belong
1815,signup
1816,medicin
1817,kiff
1818,subsequ
1819,cordial
1820,physic
1821,barrist
1822,folk
1823,verif
1824,nc
1825,unlik
1826,mailbox
1827,coast
1828,plug
1829,room
1830,arrest
1831,frustrat
1832,famou
1833,carolina
1834,serious
1835,rep
1836,yield
1837,ravag
1838,assert
1839,wowi
1840,disconnect
1841,margin
1842,mous
1843,trace
1844,luck
1845,holiday
1846,essenti
1847,tour
1848,territori
1849,nv
1850,pic
1851,cpm
1852,rom
1853,script
1854,ny
1855,destruct
1856,accessori
1857,notif
1858,judici
1859,boy
1860,netscap
1861,spirit
1862,movil
1863,paperwork
1864,analyst
1865,hookah
1866,endless
1867,nvidia
1868,ibm
1869,australia
1870,favor
1871,principl
1872,kj
1873,depress
1874,celebr
1875,unlist
1876,graduat
1877,asia
1878,william
1879,music
1880,empti
1881,massiv
1882,brief
1883,biggest
1884,tx
1885,explain
1886,contenedor
1887,navig
1888,notifi
1889,tt
1890,coach
1891,airport
1892,paramount
1893,bluecom
1894,greatest
1895,ton
1896,sophist
1897,consider
1898,laurent
1899,ge
1900,recov
1901,whatsoev
1902,met
1903,lodg
1904,danmark
1905,anxieti
1906,eastern
1907,tech
1908,therebi
1909,secreci
1910,diplomat
1911,jennif
1912,saw
1913,exot
1914,prey
1915,flash
1916,brain
1917,programm
1918,kong
1919,unbeliev
1920,grown
1921,disc
1922,accur
1923,bir
1924,nearli
1925,cycl
1926,wrap
1927,disabl
1928,lago
1929,jump
1930,whatev
1931,east
1932,deduct
1933,penil
1934,inch
1935,ia
1936,reli
1937,bargain
1938,desk
1939,enlarg
1940,savoir
1941,hunger
1942,contest
1943,credibl
1944,mountain
1945,endow
1946,bear
1947,conceal
1948,diabet
1949,catch
1950,xerox
1951,dakota
1952,forti
1953,furnish
1954,aux
1955,lazi
1956,bound
1957,tn
1958,focus
1959,criteria
1960,abandon
1961,thermal
1962,written
1963,retain
1964,knew
1965,mo
1966,potenc
1967,suppress
1968,loos
1969,modifi
1970,scan
1971,lay
1972,vision
1973,ill
1974,tough
1975,televis
1976,effici
1977,damag
1978,red
1979,newspap
1980,wild
1981,redesign
1982,intensifi
1983,entiti
1984,blue
1985,pull
1986,defin
1987,joint
1988,affair
1989,chosen
1990,rehber
1991,multilevel
1992,somehow
1993,tag
1994,utmost
1995,shape
1996,previou
1997,cholesterol
1998,flat
1999,toy
2000,miracl
2001,salvia
2002,bulkbook
2003,lb
2004,trauma
2005,essenc
2006,steven
2007,spous
2008,sun
2009,constant
2010,fantast
2011,chines
2012,diseas
2013,inventori
2014,craig
2015,unhappi
2016,angel
2017,portabl
2018,exposur
2019,offshor
2020,candid
2021,ch
2022,diagnost
2023,ase
2024,com
2025,harm
2026,unemploy
2027,circumst
2028,monday
2029,fight
2030,wear
2031,non
2032,condon
2033,everybodi
2034,bag
2035,explod
2036,ion
2037,compil
2038,dozen
2039,pension
2040,lawyer
2041,merchandis
2042,overal
2043,mission
2044,rush
2045,necess
2046,middl
2047,freez
2048,scientif
2049,congression
2050,measur
2051,rare
2052,prudenti
2053,cheap
2054,deadlin
2055,strenuou
2056,sexi
2057,rent
2058,decreas
2059,pie
2060,steadi
2061,round
2062,melchizedek
2063,su
2064,magic
2065,unclaim
2066,alcohol
2067,beach
2068,ps
2069,climax
2070,vega
2071,lotu
2072,spot
2073,emerg
2074,port
2075,consign
2076,ref
2077,innov
2078,nospam
2079,cxin
2080,breakthrough
2081,fundament
2082,ut
2083,sunday
2084,worthwhil
2085,bond
2086,recept
2087,appropri
2088,feet
2089,pst
2090,perhap
2091,trademark
2092,viru
2093,regal
2094,prior
2095,turnkey
2096,comparison
2097,healthi
2098,lien
2099,upfront
2100,em
2101,bed
2102,sp
2103,violat
2104,scam
2105,disclosur
2106,startup
2107,hazard
2108,seizur
2109,among
2110,anonym
2111,enclos
2112,hype
2113,trustworthi
2114,affect
2115,mladih
2116,illustr
2117,usb
2118,prulif
2119,netherland
2120,serif
2121,quarter
2122,surgeri
2123,sister
2124,optra
2125,matur
2126,novemb
2127,airlin
2128,declin
2129,brochur
2130,informatiqu
2131,modem
2132,shun
2133,sector
2134,energ
2135,prize
2136,stagger
2137,enrol
2138,proxi
2139,cach
2140,rapidli
2141,nobodi
2142,cloth
2143,refus
2144,suv
2145,forum
2146,malaysia
2147,greet
2148,slice
2149,oversea
2150,throughout
2151,devot
2152,accid
2153,implic
2154,gram
2155,engag
2156,hr
2157,roth
2158,coloni
2159,pregnanc
2160,float
2161,lack
2162,pride
2163,radix
2164,seren
2165,pharmaci
2166,dom
2167,contribut
2168,adapt
2169,earli
2170,dental
2171,princip
2172,februari
2173,commonli
2174,az
2175,tél
2176,settl
2177,popul
2178,onto
2179,ground
2180,reap
2181,vault
2182,hassl
2183,cam
2184,tuesday
2185,truck
2186,ma
2187,lend
2188,maker
2189,chart
2190,je
2191,litig
2192,cold
2193,uncommon
2194,abidjan
2195,attn
2196,transcript
2197,driver
2198,mandatori
2199,hardcor
2200,blend
2201,fuel
2202,invas
2203,sentenc
2204,decad
2205,complic
2206,opex
2207,categor
2208,quicker
2209,alabama
2210,obvious
2211,trillion
2212,chibang
2213,revolutionari
2214,babi
2215,surviv
2216,franchis
2217,con
2218,checklist
2219,liabil
2220,predsednika
2221,resort
2222,structur
2223,lotteri
2224,command
2225,pend
2226,label
2227,payer
2228,si
2229,te
2230,conclus
2231,molecular
2232,pledg
2233,qualif
2234,pump
2235,planta
2236,blast
2237,surrend
2238,unblock
2239,interrupt
2240,vigor
2241,xenic
2242,maxim
2243,attitud
2244,task
2245,octob
2246,instanc
2247,finish
2248,libido
2249,role
2250,despit
2251,joy
2252,void
2253,factual
2254,younger
2255,expertis
2256,cum
2257,furthermor
2258,ocean
2259,unknown
2260,mari
2261,cup
2262,snoop
2263,ping
2264,batch
2265,ii
2266,georgia
2267,stronger
2268,alaska
2269,anticip
2270,ordinari
2271,audit
2272,tuition
2273,hammer
2274,bullet
2275,cram
2276,elsewher
2277,collater
2278,invoic
2279,kill
2280,demonstr
2281,del
2282,afternoon
2283,exit
2284,exhaust
2285,chain
2286,nj
2287,inflat
2288,introduct
2289,commenc
2290,otherwis
2291,sought
2292,gun
2293,dc
2294,processor
2295,hang
2296,serial
2297,examin
2298,donat
2299,astound
2300,pure
2301,song
2302,motor
2303,okidata
2304,simplifi
2305,suppos
2306,restrict
2307,encrypt
2308,council
2309,repeat
2310,roof
2311,older
2312,distress
2313,phentermin
2314,desktop
2315,prosper
2316,budget
2317,hyperlink
2318,regim
2319,prestigi
2320,town
2321,holder
2322,quantiti
2323,finest
2324,madam
2325,afre
2326,ri
2327,critic
2328,horni
2329,ohio
2330,wv
2331,tape
2332,ink
2333,deep
2334,luckili
2335,propecia
2336,thursday
2337,residu
2338,giveaway
2339,inject
2340,brew
2341,buri
2342,sm
2343,extraordinari
2344,nevada
2345,preced
2346,mm
2347,expos
2348,physician
2349,logo
2350,ltci
2351,benefici
2352,conflict
2353,tune
2354,ideal
2355,banker
2356,mugab
2357,microsoft
2358,specifi
2359,thick
2360,zyban
2361,duel
2362,seal
2363,consequ
2364,park
2365,haunt
2366,adress
2367,audibl
2368,reput
2369,montana
2370,significantli
2371,llc
2372,lightsab
2373,ff
2374,filter
2375,corner
2376,album
2377,germani
2378,opposit
2379,drawn
2380,wine
2381,invent
2382,routin
2383,dont
2384,cat
2385,lee
2386,greedi
2387,bedroom
2388,amex
2389,cellulit
2390,academ
2391,mouth
2392,md
2393,caught
2394,exp
2395,instrument
2396,dana
2397,environ
2398,attend
2399,termin
2400,bibl
2401,creativ
2402,monarchi
2403,hospit
2404,daha
2405,inclus
2406,ved
2407,laserfax
2408,encount
2409,toolbar
2410,disregard
2411,efficaci
2412,marketplac
2413,bud
2414,daniel
2415,somebodi
2416,grab
2417,no
2418,push
2419,shortli
2420,ancestr
2421,fear
2422,pencil
2423,lj
2424,nd
2425,compli
2426,handbook
2427,seller
2428,referenc
2429,flower
2430,orgasm
2431,alkaloid
2432,susan
2433,branch
2434,simplic
2435,typic
2436,sk
2437,coupon
2438,bull
2439,hacker
2440,lifestyl
2441,clearanc
2442,hottest
2443,ing
2444,coffe
2445,wet
2446,alberta
2447,hat
2448,ipogea
2449,sistema
2450,courag
2451,underwritten
2452,intent
2453,incorpor
2454,mall
2455,creditfix
2456,overwhelm
2457,patient
2458,resolv
2459,offlin
2460,border
2461,circul
2462,lover
2463,betray
2464,rid
2465,theft
2466,fabul
2467,sovereignti
2468,costli
2469,household
2470,slim
2471,devic
2472,otc
2473,impot
2474,realiti
2475,contrari
2476,fuck
2477,intimid
2478,pitch
2479,switzerland
2480,goodli
2481,polic
2482,rise
2483,welfar
2484,earth
2485,focu
2486,indian
2487,moi
2488,ram
2489,merger
2490,greatli
2491,aall
2492,bundl
2493,submiss
2494,guru
2495,sic
2496,hawaiian
2497,mitsubishi
2498,invalu
2499,civilian
